{"cameraMode":{"drawMode":0,"name":"Shaded","section":"Shading Mode"},"sceneLighting":true,"audioPlay":false,"sceneViewState":{"m_AlwaysRefresh":false,"showFog":true,"showSkybox":true,"showFlares":true,"showImageEffects":true,"showParticleSystems":true,"showVisualEffectGraphs":true,"m_FxEnabled":true},"in2DMode":false,"pivot":{"x":-0.14551831781864167,"y":-1.93491792678833,"z":1.3483206033706666},"rotation":{"x":-0.3469434380531311,"y":-0.0022544844541698696,"z":0.0008338319603353739,"w":-0.9378849864006043},"size":2.5377748012542726,"orthographic":false}